{"loss": 0.3043525516986847, "accuracy": 0.8895000219345093}